rank,team,obpr,dbpr,bpr,opponent_adjust,pace_adjust,off_rank,def_rank,tempo,tempo_rank,rank_inj,home_rank,roster_rank,runs_per_game,runs_conceded_per_game,runs_total,runs_conceded_total,wins,losses
1,Connecticut,18.3894815357039,11.1256699905071,29.515151526211,57.5181814633133,36.46471666629,1,6,66.5186178325,322,1,29,1,0.911764705882353,0.294117647058824,31,10,31,3
2,Auburn,14.9289200070667,12.7070287687327,27.6359487757994,23.3108612713626,-21.5709550275108,8,4,70.98741757162,72,2,137,3,0.852941176470588,0.176470588235294,29,6,27,7
3,Purdue,18.0526266933333,9.07539657266667,27.128023266,-3.75108867026662,32.6453178226733,2,19,68.8198693445078,195,3,54,2,0.666666666666667,0.181818181818182,22,6,29,4
4,Arizona,14.6120991933333,11.1064869333333,25.7185861266667,8.71987011802772,70.98243382599,9,7,73.625500533,14,4,10,5,0.878787878787879,0.272727272727273,29,9,25,8
5,Houston,9.06263024628417,16.5349640968136,25.5975943430977,-36.4089037234857,17.3290079488245,30,1,65.511461556,348,5,4,4,1.08823529411765,0.235294117647059,37,8,30,4
6,Tennessee,10.9315955513333,14.3788685133333,25.3104640646667,-5.45433877742111,41.8467581225935,20,3,70.2023586596853,104,6,25,6,0.5625,0.1875,18,6,24,8
7,Iowa State,7.72717846733333,16.11281898,23.8399974473333,-0.322304848230624,-28.5481859839793,49,2,68.763788495492,199,7,17,10,0.909090909090909,0.242424242424242,30,8,27,7
8,Duke,14.5366372333333,8.99810185533333,23.5347390886667,-10.4846061271708,-53.3130743383732,10,20,68.433283142791,230,8,255,7,0.5625,0.1875,18,6,24,8
9,North Carolina,12.2540391238833,10.9151938748787,23.169232998762,18.7956432343705,-0.911105041315453,15,9,71.44949129931,53,9,108,12,0.794117647058823,0.235294117647059,27,8,27,7
10,Creighton,13.7764589373821,7.84153692373944,21.6179958611216,-8.51557287132687,-2.98939783820532,11,25,68.6172902937275,214,10,76,16,0.84375,0.3125,27,10,23,9
11,Illinois,17.0928032733333,4.40741611128667,21.50021938462,3.79198129617655,10.7368852199221,3,77,70.8889288751336,77,11,275,14,0.647058823529412,0.264705882352941,22,9,26,8
12,Gonzaga,15.40437246,5.69571793656,21.10009039656,-9.17530934287459,13.8883651346433,7,48,70.485395692068,95,12,302,15,1.03225806451613,0.193548387096774,32,6,24,7
13,Marquette,11.96661511,9.10859480773333,21.0752099177333,-24.8051062352056,25.3728352591904,17,18,70.570810068385,91,16,38,8,0.852941176470588,0.294117647058824,29,10,25,9
14,Kentucky,16.6442263476431,4.16808977764579,20.8123161252889,26.1150684440503,2.59989896690427,4,82,73.715397939,11,13,288,9,0.625,0.28125,20,9,23,9
15,Alabama,16.6098048513514,4.11346083478253,20.7232656861339,-49.5414706262481,-59.9841603555365,5,83,74.3779895,5,14,8,11,0.78125,0.4375,25,14,21,11
16,Baylor,16.01067016,4.33293098273133,20.3436011427313,-54.6473920635788,-2.08916070469514,6,80,67.09680623291,301,15,44,17,0.65625,0.28125,21,9,22,10
17,Michigan State,8.19722571476314,11.1051332865612,19.3023590013243,-8.68117693833896,76.2853889112885,43,8,66.96381794387,306,17,50,20,0.625,0.125,20,4,19,14
18,Kansas,8.44527713572185,10.6740023209522,19.1192794566741,-2.87931197797127,24.9799199688189,38,11,70.314852517092,98,34,9,19,0.483870967741935,0.419354838709677,15,13,21,10
19,BYU,12.5156773043515,6.32069358742116,18.8363708917727,-38.5394696167638,-18.4098858844345,12,41,70.801142057431,82,19,14,13,0.870967741935484,0.290322580645161,27,9,23,10
20,Wisconsin,12.3051423347225,6.33386808765181,18.6390104223743,44.4040567066457,-55.023100484349,14,39,66.5432322905,320,18,30,29,0.457142857142857,0.2,16,7,22,13
21,San Diego State,6.91995612981439,10.8314396429721,17.7513957727865,32.9314539715126,-0.176974704363872,58,10,67.602175719596,272,20,104,36,0.65625,0.15625,21,5,22,10
22,Texas,10.4183116335753,6.89657389079883,17.3148855243741,-15.4420006896044,-15.3922150621657,23,32,69.3492848676841,159,21,97,18,0.8125,0.375,26,12,20,12
23,Saint Mary's,7.58391142090019,8.93569347167134,16.5196048925715,-65.0842810305688,-1.42745791040669,50,21,63.690414469,359,23,257,28,0.903225806451613,0.258064516129032,28,8,24,7
24,New Mexico,8.44135543533333,8.03716986,16.4785252953333,20.6434696218197,-0.601901661752487,39,24,74.06013658,7,22,34,21,0.606060606060606,0.181818181818182,20,6,25,9
25,Mississippi State,7.11415259801184,9.33319929965329,16.4473518976651,38.8627985242434,12.484568644195,55,15,68.4363751152515,228,29,133,24,0.411764705882353,0.235294117647059,14,8,21,13
26,Florida,10.8791610503884,5.39759766167525,16.2767587120637,74.9840719365471,38.1859689120703,21,55,73.558072069,16,24,16,39,0.428571428571429,0.228571428571429,15,8,24,11
27,Texas Tech,10.6708149959328,5.57874657933206,16.2495615752649,-16.2309822441437,4.21577352872074,22,50,67.7551157560189,264,33,82,33,0.333333333333333,0.606060606060606,11,20,23,10
28,Florida Atlantic,12.3136266719417,3.90923843665047,16.2228651085922,36.7198418115565,5.04791644497854,13,91,69.7026058318124,135,26,45,26,0.65625,0.34375,21,11,25,8
29,Saint John's,11.3395596306667,4.84899854477333,16.18855817544,0.768924320862545,-13.7203927834915,18,67,70.742223988397,85,25,143,30,0.818181818181818,0.333333333333333,27,11,20,13
30,Nebraska,8.4661927002763,7.61113255521317,16.0773252554895,16.4451789850111,-5.44393845570208,37,28,70.0795741235226,113,31,33,31,0.696969696969697,0.303030303030303,23,10,23,10
31,Villanova,6.74789722360084,9.27676483398344,16.0246620575843,-8.6453221816444,9.27598878891531,60,16,64.998812763,352,27,43,27,0.71875,0.6875,23,22,18,15
32,Colorado,10.141238646108,5.6485508473667,15.7897894934746,-30.8846437113392,-31.2241280404659,25,49,69.1960010725181,170,30,47,25,0.666666666666667,0.424242424242424,22,14,24,10
33,Ohio State,8.89485706533333,6.76726318604667,15.66212025138,0.0204970751420449,42.5756316875843,34,33,67.390012757532,282,28,91,47,0.575757575757576,0.242424242424242,19,8,20,13
34,Wake Forest,11.0212906786588,4.47458685943713,15.495877538096,27.6232327310985,6.29343004883103,19,72,69.0915316189542,174,38,7,23,0.575757575757576,0.333333333333333,19,11,20,13
35,TCU,8.07134043197644,7.25638186557232,15.3277222975488,-10.7922526204498,16.8608337468856,44,29,70.941315243816,74,32,201,22,0.727272727272727,0.424242424242424,24,14,21,12
36,Cincinnati,5.82699551258867,9.24889161666667,15.0758871292553,10.5211236470534,32.5254392174572,70,17,68.9639289730805,184,36,110,32,0.588235294117647,0.441176470588235,20,15,20,14
37,Texas A&M,8.58098558266667,6.13543971376667,14.7164252964333,10.7496466262224,-22.6513703196794,35,43,67.41718577545,279,35,303,38,0.575757575757576,0.242424242424242,19,8,20,14
38,Clemson,9.63255538724793,4.46575120286,14.0983065901079,37.7875704596934,35.1310339840605,28,75,67.9352566500328,256,37,175,37,0.5,0.25,16,8,21,11
39,Washington State,6.117982138158,7.68347158555333,13.8014537237113,30.191582377062,14.8505950904147,67,27,66.81447859879,312,39,88,61,0.636363636363636,0.242424242424242,21,8,24,9
40,Pittsburgh,8.24990719058925,5.51719457744112,13.7671017680304,-43.5381530674596,11.978526186453,42,53,67.445380698248,277,40,241,35,0.575757575757576,0.151515151515152,19,5,22,11
41,James Madison,8.48484715756526,5.28136252182535,13.7662096793906,30.9309791929611,20.0610276676855,36,60,71.013574142831,69,41,121,53,0.9375,0.34375,30,11,30,3
42,Dayton,9.74783177002367,3.97842218584472,13.7262539558684,-2.16534371156266,15.7319269825259,27,89,65.611777902,344,42,152,43,0.774193548387097,0.354838709677419,24,11,24,7
43,Oklahoma,7.4478435242,6.15948859668,13.60733212088,-1.57459620450485,-2.90431763381567,52,42,68.465590518702,223,43,61,45,0.5,0.15625,16,5,20,12
44,Drake,8.95264493039778,4.39596315845753,13.3486080888553,56.7782678495561,-3.16655551136013,32,78,68.850862303021,193,44,21,58,0.75,0.3125,24,10,27,6
45,Nevada,7.79500858027553,5.53865611749169,13.3336646977672,-14.0640052957329,-3.98489601165318,48,51,68.360882396471,236,46,171,42,0.6,0.333333333333333,18,10,25,7
46,Colorado State,8.01613348286246,5.28567117119951,13.301804654062,44.1509766163558,28.0491467462251,46,59,67.650674768499,269,45,40,40,0.645161290322581,0.258064516129032,20,8,22,10
47,Utah,5.7401059222604,7.224256807895,12.9643627301554,-16.4077773410076,13.0720747645536,71,30,71.26465290709,58,52,1,34,0.757575757575758,0.303030303030303,25,10,19,14
48,Northwestern,8.34400548351052,4.49476404298976,12.8387695265003,67.2244855985225,-11.9348330246041,40,71,65.7017972696,341,60,81,55,0.25,0.5,8,16,21,11
49,Boise State,7.21235232127741,5.5310755928458,12.7434279141232,-50.1680504836688,-29.4343059908493,53,52,67.9794039213102,255,47,126,52,0.4,0.166666666666667,12,5,20,10
50,Iowa,12.2362085757298,0.390735913486978,12.6269444892168,-28.7379753851026,12.1078749098517,16,164,72.624862919,25,48,179,44,0.5625,0.375,18,12,18,14
51,Indiana State,10.1866879374368,1.94550501220779,12.1321929496446,-15.6134673450332,-14.5992999908396,24,126,71.5920878804,49,49,56,41,0.6875,0.1875,22,6,27,6
52,Grand Canyon,5.6852393466627,6.33173373688816,12.0169730835509,11.6868729611206,-11.4567358881211,72,40,69.958519358984,118,50,107,63,0.741935483870968,0.258064516129032,23,8,28,4
53,NC State,8.04688274126667,3.88103186476067,11.9279146060273,31.2530729837097,0.103581013669083,45,92,69.6763100169209,136,56,197,49,0.411764705882353,0.352941176470588,14,12,22,14
54,Virginia Tech,9.80319627621673,1.92816551344715,11.7313617896639,-8.47486660653654,-30.8105125704769,26,127,68.4337962790373,229,58,5,50,0.516129032258065,0.387096774193548,16,12,18,14
55,Maryland,2.38754269163638,9.34201116526722,11.7295538569036,-3.3765523312239,17.24995093995,133,14,67.2551568466789,293,51,236,81,0.484848484848485,0.484848484848485,16,16,16,17
56,Kansas State,3.23307352631988,8.29423311879378,11.5273066451137,37.8817339472121,-12.3396381637213,117,22,69.0836295242963,175,53,187,79,0.53125,0.53125,17,17,19,14
57,South Carolina,7.05090434396583,4.46704480677439,11.5179491507402,-5.18220869869584,-23.3621312996773,56,74,64.763427539,354,54,213,46,0.424242424242424,0.363636363636364,14,12,26,7
58,Providence,3.7509286744725,7.76576550688915,11.5166941813616,-9.29881274895678,49.7855740827447,107,26,68.9418230035976,187,55,249,68,0.666666666666667,0.484848484848485,22,16,21,13
59,Seton Hall,5.018051241722,6.47016698968,11.488218231402,-17.7739883084203,12.8410076589294,87,34,67.6419772222874,270,65,12,57,0.65625,0.40625,21,13,20,12
60,UCF,1.25489400553907,10.1169229053333,11.3718169108724,-5.37808292806464,21.9306844975866,156,13,70.1296083966919,108,57,70,83,0.625,0.375,20,12,17,15
61,Washington,8.33434657116573,2.92673671389773,11.2610832850635,9.42250118856103,2.85551608436869,41,109,72.0730258717,36,59,183,64,0.53125,0.34375,17,11,17,15
62,Oregon,6.4590086792709,4.71577867908667,11.1747873583576,35.0737748095456,-24.97027408558,63,68,68.7902487099626,198,68,186,54,0.441176470588235,0.382352941176471,15,13,23,11
63,Yale,5.64896941167153,5.33023031324376,10.9791997249153,-4.87613941519217,2.00559191957153,73,57,66.455489834741,325,61,234,84,0.655172413793103,0.310344827586207,19,9,21,8
64,SMU,5.48329160468949,5.47874672727087,10.9620383319604,-6.41730227130087,56.8265311841298,78,54,69.1628171776706,172,64,169,59,0.516129032258065,0.161290322580645,16,5,19,12
65,Virginia,0.653321395481273,10.2089457227642,10.8622671182455,-51.7590952032558,-1.40610070364899,172,12,61.861147851,362,62,2,69,0.515151515151515,0.303030303030303,17,10,23,10
66,Utah State,6.85620869346997,3.92439667558212,10.7806053690521,-17.8502154214882,-7.10781104306143,59,90,70.52869968644,93,63,99,78,0.612903225806452,0.0967741935483871,19,3,25,6
67,USC,4.76942881320867,5.85389026891467,10.6233190821233,24.3146977117865,10.0091939158268,91,47,70.0920405193021,110,66,77,62,0.454545454545455,0.424242424242424,15,14,15,18
68,San Francisco,5.52734343738137,4.98911018031812,10.5164536176995,-27.7263212331066,-60.1268068858139,77,64,68.1086324463519,252,67,248,48,0.548387096774194,0.225806451612903,17,7,22,10
69,Memphis,7.46292854893622,2.96951217469443,10.4324407236306,33.9223597180063,-22.5869228280592,51,107,72.758421285,24,75,182,60,0.6875,0.21875,22,7,22,10
70,Bradley,5.31261256437386,5.01624348631754,10.3288560506914,-15.1867692647629,-12.4641166180184,82,63,67.679195867537,267,69,68,70,0.71875,0.40625,23,13,21,11
71,Princeton,9.33682462548283,0.898916484356415,10.2357411098392,-3.46694298704968,-44.6242281229365,29,146,66.43413672892,326,70,265,77,0.538461538461538,0.269230769230769,14,7,22,4
72,North Texas,3.77782834783602,6.38813685383439,10.1659652016704,-1.7547236634679,-1.74746577233598,105,36,63.090086446,361,71,188,80,0.4,0.466666666666667,12,14,16,14
73,Xavier,5.53796458532446,4.52868829035751,10.066652875682,-18.572430562908,-17.1736288141968,76,70,72.0258362886,39,72,62,71,0.454545454545455,0.666666666666667,15,22,16,17
74,McNeese State,6.98897072506965,2.95633771592805,9.9453084409977,11.5181408730244,32.96329889036,57,108,66.86968142334,310,73,272,51,0.793103448275862,0.241379310344828,23,7,26,3
75,Penn State,4.98156013811333,4.92420181912622,9.90576195723955,7.69607187326104,10.3995306133289,88,66,70.74632029223,84,78,89,93,0.545454545454545,0.363636363636364,18,12,16,17
76,Butler,5.378142363148,4.46794636368867,9.84608872683667,-14.8939886354164,21.4974947550823,80,73,69.417352279653,151,74,279,82,0.612903225806452,0.258064516129032,19,8,17,14
77,UC Irvine,4.25630351862139,5.31736533636199,9.57366885498338,29.8295734243712,26.7544146421789,102,58,69.7937913158512,129,76,177,86,0.28125,0.375,9,12,23,9
78,Appalachian State,3.13310002866978,6.35585433594043,9.48895436461021,50.6058905012844,-3.68461194395041,120,38,68.078204132698,253,77,74,92,0.645161290322581,0.258064516129032,20,8,25,6
79,Cornell,8.91798170528986,0.258385965571338,9.1763676708612,30.17766668768,10.1782871150362,33,168,72.393951131,30,79,203,72,0.62962962962963,0.296296296296296,17,8,20,7
80,South Florida,4.6749801335315,4.4244457558856,9.0994258894171,65.4536729503802,-22.9470412908306,92,76,69.3864359194612,152,80,164,87,0.548387096774194,0.258064516129032,17,8,24,7
81,Loyola Chicago,0.543733716992684,8.191144567564,8.73487828455669,15.3040742003121,-21.341441700045,174,23,70.12699833112,109,81,93,96,0.580645161290323,0.32258064516129,18,10,22,9
82,VCU,2.74198796373661,5.94640837094632,8.68839633468294,1.86998780746073,7.43215443071529,124,45,67.20881998545,295,82,216,74,0.342857142857143,0.314285714285714,12,11,22,13
83,Indiana,4.58680634668694,4.05318356819662,8.63998991488357,-6.83154099124756,-18.1718277041361,95,84,69.731462247024,133,83,295,66,0.424242424242424,0.606060606060606,14,20,19,14
84,LSU,5.44504507662054,3.05761086200287,8.5026559386234,-16.0576573158042,-16.114159005237,79,104,70.86380188144,79,91,245,75,0.5625,0.5625,18,18,17,15
85,Duquesne,1.1802651091377,7.17049182596465,8.35075693510235,50.3260804096921,15.5660305176367,158,31,68.3213216034849,238,84,286,90,0.470588235294118,0.470588235294118,16,16,23,11
86,Ole Miss,6.69555985390889,1.64460049601162,8.34016034992051,-6.04679838432175,1.85111215801011,61,132,68.294381246821,241,85,176,76,0.375,0.25,12,8,20,12
87,UNLV,4.67139344362893,3.65288793126402,8.32428137489295,95.602684607543,-28.3683888446832,93,97,66.5164738697,323,112,320,88,0.310344827586207,0.413793103448276,9,12,17,12
88,Boston College,5.25929781374997,2.88117473260315,8.14047254635313,-9.94654361721764,-11.5521289327333,84,110,68.8135790891205,196,86,294,89,0.5,0.5,17,17,19,15
89,Minnesota,6.60434208426893,1.47906593122118,8.08340801549012,-1.61456995884526,23.7886366650282,62,136,68.4624777269709,224,87,49,65,0.5625,0.40625,18,13,18,14
90,Florida State,4.29762727981248,3.73499835828942,8.0326256381019,-1.26216323189534,1.22623234532785,101,95,72.381690264,31,88,159,73,0.454545454545455,0.303030303030303,15,10,17,16
91,College of Charleston,7.17639876689138,0.829200707478606,8.00559947436999,14.935552128341,-44.1070851162438,54,150,71.63748497228,48,89,329,67,0.59375,0.34375,19,11,26,7
92,UCLA,1.54497147930307,6.40485615949333,7.9498276387964,4.41499515872054,-51.0018448134301,148,35,65.403740188,349,90,247,106,0.59375,0.34375,19,11,15,17
93,Rutgers,-4.28540702276733,12.0722069666667,7.78679994389933,-6.15447895633406,6.58505576260579,271,5,69.5031583559585,148,95,127,103,0.5,0.625,16,20,15,17
94,Vermont,1.29614261446319,6.38188654289508,7.67802915735826,35.5477580167625,30.0370443112541,153,37,65.529367409,347,103,253,98,0.5,0.34375,16,11,25,7
95,Saint Bonaventure,4.62258538271808,3.05249744717768,7.67508282989576,6.5078090965552,52.3796378671875,94,105,67.7993013614816,258,92,136,99,0.424242424242424,0.333333333333333,14,11,20,13
96,Miami (Fla.),4.7768797607346,2.8663033495657,7.6431831103003,-40.9875242279477,99.009900990099,90,111,70.249870669307,101,93,168,85,0.71875,0.6875,23,22,15,17
97,Arkansas,5.57406391283871,1.94782212535724,7.52188603819595,-2.16210239119259,63.4583097403347,75,125,71.6539026809,45,94,194,97,0.242424242424242,0.424242424242424,8,14,16,17
98,Stanford,4.92131394944667,2.30202940253573,7.2233433519824,36.5348985464292,9.9481648233839,89,118,70.873471451917,78,96,64,94,0.46875,0.4375,15,14,14,18
99,Georgia,3.68826235877133,3.449090297064,7.13735265583533,-2.88399660476374,0.327109397574469,109,99,69.9978618703316,117,97,313,101,0.625,0.46875,20,15,17,16
100,Samford,5.64699084463459,1.47298405794276,7.11997490257735,-23.7313642800224,-16.4476558505313,74,137,73.929542045,9,98,105,56,0.838709677419355,0.290322580645161,26,9,27,5
101,Syracuse,3.77471184338783,3.32088593662003,7.09559778000786,18.9415598773871,-22.814920160519,106,101,72.440490509,29,99,46,105,0.483870967741935,0.451612903225806,15,14,19,12
102,Louisiana Tech,2.51346333579127,4.55368745648033,7.0671507922716,-4.20933009642656,-15.977616984838,131,69,67.340407793307,285,100,334,111,0.413793103448276,0.172413793103448,12,5,19,10
103,Richmond,0.906606721392273,5.93957046972841,6.84617719112068,-2.77530499461425,9.98693136104187,166,46,68.148257432159,248,101,161,102,0.5625,0.34375,18,11,23,9
104,Massachusetts,4.4586354104975,2.26618694398065,6.72482235447815,39.2407559993467,13.9403430845917,98,119,70.1626209598143,105,102,114,95,0.4,0.3,12,9,20,11
105,Saint Joseph's,5.31537932085578,1.32914195859138,6.64452127944715,-5.58157073611331,-14.4325577949169,81,140,69.3241208904522,160,105,94,91,0.705882352941177,0.411764705882353,24,14,21,13
106,UAB,6.35303110692536,-0.0841531659988969,6.26887794092646,62.0341531441199,7.84075880989862,64,174,69.8728682549444,125,104,322,114,0.606060606060606,0.545454545454545,20,18,22,11
107,George Mason,2.30594734466333,3.8000368759384,6.10598422060173,-0.582974984542162,-18.8970316549291,135,94,65.97818393906,338,107,98,104,0.483870967741935,0.354838709677419,15,11,18,13
108,Santa Clara,3.3581187590038,2.56466127529374,5.92278003429754,-2.58826001691389,49.0805186990749,113,114,70.5597601420891,92,106,261,100,0.419354838709677,0.483870967741935,13,15,19,12
109,Hofstra,3.95589308511953,1.755681382521,5.71157446764053,-6.95801512102099,-13.0468968232732,103,129,67.20074943309,296,108,155,115,0.483870967741935,0.483870967741935,15,15,19,13
110,Akron,1.26971996880067,3.989851474746,5.25957144354667,20.0995467183907,17.3307747573963,155,87,67.766589191386,261,109,153,118,0.483870967741935,0.290322580645161,15,9,21,10
111,Western Kentucky,1.0649723509496,3.83486188341067,4.89983423436027,4.64515875243879,-5.9517161583059,162,93,75.655621332,1,110,211,110,0.7,0.4,21,12,19,11
112,Colgate,1.29274371715994,3.44656665813871,4.73931037529864,-18.6439149779864,-4.71571235824304,154,100,67.808430102393,257,111,150,109,0.696969696969697,0.393939393939394,23,13,24,9
113,South Dakota State,3.47806143694937,0.957215640229177,4.43527707717854,19.2767317196893,-48.3943739277805,111,145,69.3033111604083,162,113,148,120,0.689655172413793,0.310344827586207,20,9,20,11
114,Oklahoma State,2.76178649488479,1.5291335013232,4.29091999620799,-12.9390064056859,16.0597336507478,123,135,68.3082668746431,239,114,218,137,0.4375,0.5,14,16,12,20
115,Morehead State,1.99475747972899,2.25165075232708,4.24640823205607,-13.6391886889995,-31.0856416202893,137,121,65.9799848944,337,115,254,132,0.4,0.333333333333333,12,10,22,8
116,Belmont,2.61031998534487,1.555615377024,4.16593536236887,-19.8441687891731,-13.1011232595225,127,133,72.491744844,26,116,109,112,0.625,0.46875,20,15,19,13
117,UNC Wilmington,5.93448436912,-1.903995994024,4.030488375096,16.809498385289,23.6010976822012,69,217,67.03061945699,303,117,312,113,0.259259259259259,0.259259259259259,7,7,18,10
118,Saint Thomas (Minn.),3.64934707395577,0.372545811608532,4.0218928855643,54.3369153268485,-10.0350900857224,110,165,64.894412821,353,118,63,125,0.862068965517241,0.344827586206897,25,10,17,13
119,Missouri,4.31642366081781,-0.324259380382817,3.99216428043499,-14.95215317596,1.10070382664917,100,179,68.6323767238302,213,128,335,107,0.53125,0.65625,17,21,8,24
120,High Point,7.8925015118143,-4.02257398214549,3.86992752966881,43.1114075732378,-12.0120162275838,47,268,69.8842055857693,123,119,270,122,0.3,0.266666666666667,9,8,22,8
121,Toledo,5.99642999311246,-2.23838212984143,3.75804786327103,27.4835201612571,41.369016120375,68,234,71.38650564799,55,120,298,139,0.5625,0.3125,18,10,20,12
122,Ohio,3.23334614928285,0.518073090375857,3.75141923965871,-10.8213110573649,-6.65003753279695,116,156,68.8741824103998,191,121,184,108,0.6875,0.375,22,12,18,13
123,Seattle,-0.263879176192136,4.00160179195696,3.73772261576483,21.2623418325676,-7.3670918581579,188,86,68.1364466633692,249,122,100,153,0.46875,0.3125,15,10,18,14
124,Drexel,1.87739842853066,1.84167453477212,3.71907296330278,-4.73547760356931,-22.0797396364208,142,128,66.2249924421,332,123,27,130,0.482758620689655,0.344827586206897,14,10,19,12
125,Charlotte,1.9354243633395,1.73144250830451,3.666866871644,-3.57495041858389,2.47103534334082,139,130,64.210431184,357,124,53,124,0.433333333333333,0.366666666666667,13,11,18,12
126,Northern Iowa,2.3257145145039,1.31916233097928,3.64487684548319,10.4778317583916,31.1315207521283,134,141,68.4272387149827,233,125,289,134,0.419354838709677,0.419354838709677,13,13,18,14
127,Liberty,3.3036223031262,0.308158864128831,3.61178116725503,-39.1007675727727,19.9618490800908,115,167,66.23370115578,331,126,15,121,0.620689655172414,0.620689655172414,18,18,15,14
128,Tulane,5.14630259494,-1.70721395273331,3.43908864220669,-14.4940681015721,9.67290858177539,86,213,73.618269196,15,127,86,140,0.6,0.3,18,9,13,17
129,Sam Houston State,-0.37539675018991,3.69653656940745,3.32113981921754,-2.56892465823712,-26.182941211463,191,96,69.3681226984191,154,129,135,183,0.516129032258065,0.258064516129032,16,8,19,12
130,Western Carolina,0.91646020885702,2.34146611590773,3.25792632476475,-18.3363440891102,-0.297541098343762,165,117,69.0756664900194,176,130,200,154,0.517241379310345,0.206896551724138,15,6,19,10
131,Arizona State,-2.00260917321979,5.18913696907387,3.18652779585407,-9.14153988688616,-18.4741264137975,226,62,70.989919412415,71,144,24,131,0.387096774193548,0.612903225806452,12,19,14,18
132,UT Arlington,2.25920081092327,0.879167933753942,3.13836874467721,-15.787433898813,-27.059636442309,136,148,71.6923195464,43,131,292,119,0.4,0.633333333333333,12,19,18,14
133,California,1.91676745097705,1.21291667048092,3.12968412145796,61.7524219880603,-31.3949173669839,141,144,69.3672966119714,155,132,95,127,0.46875,0.4375,15,14,13,19
134,Furman,4.53678778452409,-1.50361404066334,3.03317374386075,15.2085530325294,8.28625788579539,96,209,70.216409687915,103,133,120,123,0.310344827586207,0.379310344827586,9,11,15,15
135,Notre Dame,-2.44607390846913,5.36101304382667,2.91493913535753,11.6513353182892,7.48577423011053,234,56,65.981610739,336,134,181,151,0.34375,0.59375,11,19,13,20
136,Southern Illinois,1.60133295244284,1.25918985348836,2.8605228059312,-24.397150304494,17.1239809499952,147,143,66.0040401991,334,135,75,129,0.419354838709677,0.258064516129032,13,8,18,13
137,UC San Diego,4.40545457920736,-1.55693199200093,2.84852258720643,5.26272662543016,29.7397172839127,99,210,67.18072995269,298,136,231,138,0.9,0.266666666666667,27,8,19,11
138,UMass Lowell,1.48215085765791,1.34726581257546,2.82941667023337,46.475807941724,30.6115026704298,150,138,71.11203464117,65,137,330,152,0.620689655172414,0.413793103448276,18,12,19,10
139,Troy,0.188304221241353,2.55655835470333,2.74486257594469,-9.52697461752058,19.9378252607375,182,115,71.3775885578,57,138,79,150,0.413793103448276,0.206896551724138,12,6,17,12
140,Weber State,3.19309585126031,-0.473500050782816,2.7195958004775,59.8732189664462,32.9569078940985,118,181,67.00986758448,304,139,35,148,0.571428571428571,0.75,16,21,17,12
141,Davidson,-1.03527983626347,3.455598881406,2.42031904514253,-12.3804651540354,-0.405550236583449,209,98,67.263336622916,290,140,276,143,0.4,0.5,12,15,13,17
142,Louisiana-Lafayette,0.275364411817066,2.12924047832141,2.40460489013847,13.8918255137336,-20.2833265899953,179,124,70.277749075332,99,141,145,160,0.366666666666667,0.466666666666667,11,14,17,13
143,Youngstown State,3.098853472462,-0.759295027354933,2.33955844510707,-2.64416109701442,-1.38838457392039,121,189,69.8824947544303,124,142,300,147,0.928571428571429,0.5,26,14,18,10
144,Arkansas State,5.16016668913318,-2.86258578138283,2.29758090775035,-1.21542138812566,-20.1772897427732,85,247,69.9293538674589,122,143,80,135,0.393939393939394,0.575757575757576,13,19,17,16
145,Towson,-1.8651913688021,4.02714908477698,2.16195771597488,-17.4236022208868,31.2855637621346,224,85,64.461341965,356,145,190,146,0.4375,0.21875,14,7,19,14
146,Eastern Washington,6.31435346496667,-4.17791960542667,2.13643385954,0.483238466368307,-9.53021781513468,66,271,71.55654009301,50,146,199,116,0.5,0.433333333333333,15,13,19,11
147,Georgia Tech,1.61982835615086,0.442401694138781,2.06223005028964,49.365815785393,8.16097097713918,145,162,68.9461681221185,185,147,282,136,0.344827586206897,0.793103448275862,10,23,14,18
148,Longwood,-0.693702147267156,2.69968771181625,2.00598556454909,46.4643479366616,10.6565655858829,199,112,69.018283691653,179,148,250,177,0.464285714285714,0.214285714285714,13,6,18,12
149,UNC Greensboro,2.59021645526667,-0.701994565481333,1.88822188978533,-13.3408146409658,11.0027429466143,128,186,66.5320118368,321,149,229,126,0.466666666666667,0.366666666666667,14,11,19,11
150,Wichita State,-0.450379380986434,2.23659890530715,1.78621952432072,3.45400800692004,14.9652341705691,193,122,69.507021861548,147,150,106,149,0.4375,0.53125,14,17,14,19
151,West Virginia,3.38803876601039,-1.70587704923918,1.68216171677121,31.5165936180459,19.0214293443384,112,212,69.6515461832564,137,151,57,133,0.34375,0.375,11,12,9,23
152,Oakland,2.72813710940199,-1.08664525634135,1.64149185306064,-28.1540928708318,-8.59077658361382,126,197,68.1767948328861,246,152,301,142,0.705882352941177,0.470588235294118,24,16,23,11
153,Michigan,2.45400984747277,-0.906625182447486,1.54738466502528,-2.10303456499841,18.0909031408302,132,192,68.9654642596508,183,153,58,144,0.28125,0.6875,9,22,8,24
154,Wright State,8.95795784066667,-7.5734733252,1.38448451546667,-5.24646448439269,27.2372411463874,31,343,72.461678572,28,154,321,128,0.533333333333333,0.4,16,12,16,14
155,Lipscomb,6.35257527349149,-5.07736492920131,1.27521034429018,32.2572790961999,-9.01043077310729,65,298,70.5112079461834,94,155,273,145,0.466666666666667,0.4,14,12,18,12
156,Montana,5.28507843651445,-4.06536433014085,1.2197141063736,-34.1894124899569,-18.2627960271461,83,269,67.462672206843,275,156,111,117,0.466666666666667,0.433333333333333,14,13,20,11
157,Missouri State,-1.13057540694133,2.26259328899873,1.1320178820574,-2.42218216566144,-11.4243497845091,211,120,68.9973574997723,181,157,204,157,0.424242424242424,0.363636363636364,14,12,17,16
158,Kent State,0.63909882159503,0.472275550816397,1.11137437241143,-17.3335173270342,-12.529367154475,173,160,68.3761849365675,235,176,119,162,0.387096774193548,0.387096774193548,12,12,15,16
159,Tarleton State,1.92810746160392,-0.848340075731922,1.079767385872,-0.988245767916403,10.4070029813805,140,191,67.7770393060553,260,158,259,163,0.535714285714286,0.5,15,14,20,9
160,UTEP,-5.00277338540667,5.9887835635,0.986010178093333,28.2442540562945,21.9944380983702,286,44,71.23291996812,59,159,116,174,0.612903225806452,0.483870967741935,19,15,16,16
161,UNC Asheville,1.66649378998333,-0.72020284155222,0.946290948431113,-9.16871236240869,7.68121562134051,144,188,69.7055203118181,134,160,131,155,0.517241379310345,0.413793103448276,15,12,19,12
162,Long Beach State,1.2386549165902,-0.616571887092987,0.622083029497213,49.2823284264897,-26.5480187170728,157,185,73.453947828,17,161,333,167,0.515151515151515,0.363636363636364,17,12,19,14
163,Chattanooga,3.31841019471392,-2.81488131990127,0.503528874812643,-30.6710959673462,-13.1145001254173,114,245,68.5065848960585,221,162,252,141,0.758620689655172,0.620689655172414,22,18,18,12
164,Brown,-0.895162916507867,1.33776336907967,0.4426004525718,99.009900990099,15.6826902453873,203,139,69.0458354579681,178,163,307,182,0.333333333333333,0.5,10,15,12,17
165,Fairfield,2.57904202631227,-2.21308503897855,0.365956987333714,2.8509912803403,-1.24796707146635,129,233,69.630140628108,139,164,244,156,0.575757575757576,0.454545454545455,19,15,21,12
166,Bryant,-2.91800645844227,3.09940301987467,0.1813965614324,-1.45005782697721,-14.7569505053536,242,103,75.329368409,3,165,113,168,0.548387096774194,0.516129032258065,17,16,18,13
167,Quinnipiac,1.3021105788654,-1.26072401062267,0.0413865682427332,9.76274393373219,-48.6996986418716,152,202,71.6895755119,44,166,285,176,0.5,0.5,16,16,23,9
168,UC Davis,-2.23112388798133,2.20313888144933,-0.0279850065320004,9.14797732139645,6.10001698065915,233,123,68.9236325861043,188,167,305,204,0.5,0.366666666666667,15,11,18,13
169,Fort Wayne,-0.971551400706391,0.897479180579566,-0.074072220126825,-1.1028514891257,-15.6368822814927,205,147,71.3864519423,56,168,316,169,0.806451612903226,0.451612903225806,25,14,19,12
170,Wyoming,1.73115043818012,-1.90929801449069,-0.178147576310564,-19.699815084015,-22.5908334269252,143,218,68.7353584481766,205,169,283,187,0.366666666666667,0.5,11,15,13,17
171,Murray State,1.125231826271,-1.3096649712422,-0.1844331449712,-0.182186978145042,-2.13470019720998,160,203,66.58787504189,319,170,350,159,0.483870967741935,0.516129032258065,15,16,11,20
172,Vanderbilt,0.821032676419083,-1.03362373541427,-0.212591058995184,5.46372117732414,23.8993730863048,167,196,67.25737985,292,171,281,165,0.21875,0.46875,7,15,9,23
173,Hawaii,-0.677861687223511,0.447674953997551,-0.23018673322596,-29.950246159954,9.38616836594186,197,161,67.339832853291,286,172,151,180,0.32258064516129,0.290322580645161,10,9,18,14
174,Winthrop,1.535699586535,-1.78005012699133,-0.244350540456333,-11.5976603574212,12.7022989526943,149,215,68.6532617363805,211,173,332,171,0.482758620689655,0.344827586206897,14,10,14,15
175,Stony Brook,0.5056616644202,-1.1058197921256,-0.6001581277054,10.8633843361801,-12.6095107728606,175,198,68.562259218604,218,174,22,190,0.59375,0.4375,19,14,19,15
176,Loyola Marymount,2.55633686263593,-3.21131104170127,-0.654974179065333,-28.403636349603,61.9954188379441,130,251,66.75359795528,315,175,129,164,0.533333333333333,0.566666666666667,16,17,11,19
177,Delaware,-0.952702894549999,0.176279107179858,-0.776423787370141,-27.6426460356989,8.06892679151319,204,170,68.9139834679523,189,177,314,173,0.580645161290323,0.354838709677419,18,11,18,14
178,East Carolina,-0.160010940524133,-0.7793956112144,-0.939406551738533,-3.06194613398184,-7.8421834242719,186,190,66.81202218516,313,178,212,193,0.3125,0.28125,10,9,14,18
179,Oregon State,-0.0308917744369113,-0.922029034412963,-0.952920808849875,23.7784371111796,76.8408422136511,184,193,66.41306572401,328,179,28,179,0.258064516129032,0.580645161290323,8,18,12,19
180,Texas A&M-Corpus Christi,-5.1296784542402,3.98402136158474,-1.14565709265547,40.3129676107527,-23.1433954304935,287,88,70.8534081550122,80,180,239,175,0.678571428571429,0.357142857142857,19,10,17,11
181,Utah Valley,-5.516174522252,4.299497018642,-1.21667750361,-1.22898578683761,-22.2900548425506,293,81,69.2891966004788,163,181,256,185,0.5,0.466666666666667,15,14,14,16
182,Temple,-2.62232930413692,1.3057844052857,-1.31654489885121,45.9910690093105,-3.79530813420549,236,142,68.4371144622126,227,182,349,189,0.382352941176471,0.558823529411765,13,19,15,20
183,Texas State,-4.34226907874267,3.005670738998,-1.33659833974467,-1.33501163063321,-9.31939351186242,273,106,68.353852822008,237,183,170,192,0.3125,0.40625,10,13,15,18
184,East Tennessee State,-3.07519473327166,1.67999281075635,-1.39520192251531,0.189749358718925,-5.97875776268991,245,131,68.6881378128553,209,184,232,217,0.32258064516129,0.483870967741935,10,15,17,15
185,Pepperdine,1.15474438452308,-2.64930480021342,-1.49456041569034,-99.009900990099,57.1559325879503,159,239,69.5773200695723,143,185,101,205,0.620689655172414,0.517241379310345,18,15,11,20
186,Northern Kentucky,-2.1091656292,0.532208476949333,-1.57695715225067,-9.16328796287098,8.32848441341089,230,155,69.2510791989015,168,186,71,186,0.451612903225806,0.419354838709677,14,13,16,15
187,Cleveland State,1.10625576693748,-2.79018995434849,-1.68393418741101,73.2154367521186,13.4834637082243,161,244,69.322153600569,161,187,246,195,0.454545454545455,0.363636363636364,15,12,19,14
188,Fordham,-4.1987902020206,2.50185655594664,-1.69693364607396,33.2598040876268,-0.407164749259757,268,116,70.4788311984231,96,188,339,172,0.28125,0.375,9,12,12,20
189,Stephen F. Austin,-4.83613979653289,3.12768298163933,-1.70845681489357,-3.25170379185951,48.9515797313256,284,102,71.6477047412,46,189,55,198,0.516129032258065,0.548387096774194,16,17,16,15
190,Eastern Kentucky,1.6028611458172,-3.36144091686427,-1.75857977104707,-11.612754265902,-42.7866770469297,146,256,70.274976819213,100,190,134,199,0.25,0.214285714285714,7,6,14,14
191,UC Santa Barbara,0.779406859397478,-2.67606312853062,-1.89665626913314,0.140649535129172,10.1206826254354,168,241,68.8699652674402,192,191,353,178,0.413793103448276,0.620689655172414,12,18,14,15
192,Arkansas-Little Rock,0.751308019423161,-2.70571446977622,-1.95440645035306,-20.7290731156548,-99.009900990099,170,242,70.795677875503,83,192,41,170,0.696969696969697,0.393939393939394,23,13,21,13
193,Saint Peter's,-7.10400845982883,4.92506382247003,-2.1789446373588,-32.9756043798345,-21.6127861787054,311,65,65.96238847921,339,193,192,181,0.366666666666667,0.366666666666667,11,11,18,12
194,Illinois State,-2.75618650530844,0.487702979513731,-2.2684835257947,57.0840549631444,40.4533839646307,237,159,65.937448933,340,194,293,202,0.548387096774194,0.32258064516129,17,10,14,17
195,Georgetown,3.18629196913,-5.535400774283,-2.349108805153,-9.67003792832901,48.9154484542079,119,312,68.4296728260705,232,195,340,161,0.1875,0.8125,6,26,9,23
196,Penn,3.07988855392842,-5.49145003984773,-2.41156148591931,-20.4717631537078,5.72508401706698,122,311,67.447407301275,276,196,173,206,0.461538461538462,0.615384615384615,12,16,9,18
197,Louisville,-0.470364867743115,-2.07615862587837,-2.54652349362149,19.7171789485559,86.9585181766345,195,226,70.925940312005,76,197,271,201,0.483870967741935,0.612903225806452,15,19,8,24
198,Milwaukee,1.97768923865037,-4.6015490531955,-2.62385981454513,36.0255923770321,44.9092495545045,138,285,71.4430474673,54,198,185,158,0.484848484848485,0.575757575757576,16,19,18,15
199,Northern Colorado,2.73113398423612,-5.37617672013959,-2.64504273590347,2.89470515178325,-21.0160024919984,125,310,71.17458683995,62,199,287,188,0.655172413793103,0.482758620689655,19,14,17,13
200,Florida Gulf Coast,-0.744545615440848,-1.93349341033236,-2.67803902577321,-3.98918860677132,-12.5175120067324,201,219,65.991713985,335,200,315,215,0.310344827586207,0.448275862068966,9,13,11,18
201,Rider,-1.53858907411313,-1.16261440239784,-2.70120347651097,-40.1421189610611,-12.8909580051403,218,199,69.3638827131729,156,201,235,231,0.483870967741935,0.387096774193548,15,12,14,17
202,Tulsa,-2.9579697965609,0.238558012760666,-2.71941178380023,-21.5873943337517,-10.5355432942807,243,169,71.9327591999,40,202,6,184,0.5,0.566666666666667,15,17,15,15
203,La Salle,-0.713749322361558,-2.06552714327592,-2.77927646563748,5.77659335403552,-17.3538365463985,200,225,68.5302981185206,219,203,191,241,0.387096774193548,0.419354838709677,12,13,15,17
204,Stetson,3.86663301372167,-6.69020688938667,-2.823573875665,50.448077647803,21.3784740362327,104,331,67.422728828557,278,204,96,191,0.451612903225806,0.741935483870968,14,23,19,12
205,Missouri-Kansas City,-4.3823329369,1.53092978071207,-2.85140315618793,-30.3918366273691,28.9482343248159,275,134,68.1739921055842,247,205,178,245,0.448275862068966,0.724137931034483,13,21,13,16
206,Monmouth,-0.233619489018319,-2.63992314085249,-2.87354262987081,17.542417454895,13.0444610341144,187,238,69.263105776669,167,206,73,197,0.375,0.40625,12,13,18,15
207,Saint Louis,4.53194697859065,-7.41500620780902,-2.88305922921836,12.8523070033693,5.82283894584974,97,341,70.703007197381,86,224,336,166,0.3125,0.4375,10,14,12,20
208,Georgia State,0.469422270251333,-3.360767164446,-2.89134489419467,18.7427618237517,5.70187312408485,176,255,69.2723578323181,164,207,160,220,0.344827586206897,0.517241379310345,10,15,12,17
209,Rice,1.40333263292684,-4.3480369931587,-2.94470436023186,-20.6555646873745,8.86789520371101,151,275,68.3025766940833,240,231,344,208,0.419354838709677,0.645161290322581,13,20,10,21
210,Gardner-Webb,-3.61122128059119,0.508745053154725,-3.10247622743646,50.8973696974689,-25.9019495006041,258,157,70.93621557746,75,208,351,214,0.433333333333333,0.666666666666667,13,20,14,16
211,Iona,-1.68952828131952,-1.4778594905027,-3.16738777182222,39.675156780704,3.59621071539433,220,206,68.7224629203786,206,209,226,218,0.363636363636364,0.454545454545455,12,15,16,17
212,Montana State,-1.80727582793651,-1.39839090300661,-3.20566673094313,36.4972139707097,-15.0320433978515,223,205,70.0125744555906,116,210,154,212,0.32258064516129,0.483870967741935,10,15,15,16
213,Harvard,-3.23808831085818,0.0263091393723505,-3.21177917148583,-8.90056995676212,-0.866114736146462,249,173,68.7453038179464,203,211,258,194,0.461538461538462,0.461538461538462,12,12,13,13
214,Norfolk State,-2.02454324853427,-1.21825082303424,-3.24279407156851,37.0262183889442,-45.8107799245852,228,201,68.1104068937407,251,212,51,242,0.379310344827586,0.241379310344828,11,7,18,11
215,Jacksonville State,-4.07118635969943,0.760659028307682,-3.31052733139175,59.6014541003133,-2.72903180310646,265,152,66.846660671146,311,213,338,235,0.344827586206897,0.310344827586207,10,9,11,18
216,Marist,-7.69745777367279,4.37540995740797,-3.32204781626482,-2.39768204251777,-23.3751901701091,317,79,66.6353237868,318,214,172,236,0.516129032258065,0.354838709677419,16,11,18,13
217,Austin Peay,3.71446130489459,-7.06820907534296,-3.35374777044838,-0.384100534037942,25.6892375917257,108,337,66.236529164,330,215,123,209,0.354838709677419,0.419354838709677,11,13,16,15
218,California Baptist,-2.834071878358,-0.549310948775447,-3.38338282713345,-22.138924207084,29.5353065202892,239,184,65.326615979,350,216,180,243,0.354838709677419,0.451612903225806,11,14,14,17
219,UC Riverside,-1.2862067907122,-2.119954113152,-3.4061609038642,-4.22559457591332,13.5317495551916,212,228,68.5090286905179,220,217,196,262,0.40625,0.65625,13,21,14,18
220,Merrimack,-8.63810989336338,5.19348439168134,-3.44462550168203,10.6241693808963,12.8725050658446,325,61,69.1950959436155,171,218,268,264,0.566666666666667,0.666666666666667,17,20,18,12
221,Wofford,0.773586390375807,-4.23256154359448,-3.45897515321868,41.4889179052892,10.8981075802843,169,272,67.18791830627,297,219,162,203,0.482758620689655,0.448275862068966,14,13,14,15
222,North Dakota,0.369412601126943,-3.83867412212715,-3.46926152100021,-14.6049104542125,51.4233083896645,178,263,68.4434450783487,225,220,310,222,0.310344827586207,0.448275862068966,9,13,15,14
223,Tennessee-Martin,0.439088176501377,-3.94144407218868,-3.5023558956873,-7.79090519864014,23.4777299646103,177,266,73.681964874,13,221,308,216,0.592592592592593,0.666666666666667,16,18,17,11
224,George Washington,1.05430917288553,-4.60169065217533,-3.5473814792898,19.8377118206927,25.6655556056806,163,286,71.161205676636,63,222,228,211,0.481481481481481,0.333333333333333,13,9,14,17
225,South Alabama,-1.51909208572031,-2.10348558098225,-3.62257766670256,-32.4665784551104,15.8695729201947,216,227,69.3627705233792,157,223,90,237,0.482758620689655,0.689655172413793,14,20,14,15
226,Cal State Fullerton,-4.78480812176,0.868246642958,-3.916561478802,-8.18035256046034,-40.9257591565633,283,149,68.2640051802246,243,239,280,225,0.344827586206897,0.586206896551724,10,17,12,18
227,Illinois-Chicago,-4.52190314856582,0.506929972597412,-4.01497317596841,37.4738538569748,7.58666154838127,279,158,69.7405317896243,132,225,263,207,0.28125,0.3125,9,10,11,21
228,Marshall,-3.48295341752634,-0.548154475381444,-4.03110789290778,-9.76995155849102,-38.6234235338019,254,183,72.463903056,27,226,147,224,0.5,0.59375,16,19,12,20
229,Maine,-6.64142580551133,2.57318681820067,-4.06823898731067,5.78803121297254,12.4926950166597,309,113,67.0840169901101,302,227,84,229,0.354838709677419,0.354838709677419,11,11,14,17
230,Mercer,-2.13692640806728,-2.05354865529805,-4.19047506336533,9.16028172434289,54.7313835862415,231,223,67.9937743527684,254,228,222,213,0.433333333333333,0.266666666666667,13,8,14,16
231,Abilene Christian,-4.11677330420425,-0.219942155501031,-4.33671545970528,66.3985810672623,-11.9331443269579,266,177,70.3482174969786,97,229,140,251,0.387096774193548,0.354838709677419,12,11,14,17
232,Lamar,-2.21406306291739,-2.12322955717927,-4.33729262009666,-10.5702999002248,-22.3916097119557,232,229,69.7626771326008,130,230,60,219,0.451612903225806,0.419354838709677,14,13,17,14
233,Radford,1.04775849795533,-5.58297447854,-4.53521598058467,-3.35842341640943,24.7429070435033,164,315,65.544708366,346,232,291,248,0.354838709677419,0.354838709677419,11,11,14,17
234,Rhode Island,-0.455950656861333,-4.147630685654,-4.60358134251533,-8.95629175654013,32.4187345636101,194,270,70.1346064701255,107,233,205,196,0.419354838709677,0.32258064516129,13,10,11,20
235,Nicholls State,-1.87088055249201,-2.78331826541371,-4.65419881790571,-10.8777448560509,7.40283245679611,225,243,68.697501134935,207,234,297,227,0.387096774193548,0.645161290322581,12,20,17,14
236,Lehigh,-4.17281445935851,-0.481600837642119,-4.65441529700063,30.0233694317728,3.72958324364306,267,182,71.12494049426,64,235,360,246,0.5,0.5,15,15,12,18
237,North Alabama,-0.0963362448622965,-4.58061427415987,-4.67695051902217,14.8158675076601,3.51172370238228,185,283,69.598344466572,142,236,207,244,0.233333333333333,0.366666666666667,7,11,13,17
238,Mount St. Mary's,-2.51761499600067,-2.20646742248333,-4.724082418484,17.5217291366575,32.8171569599347,235,232,70.082256968106,112,237,163,256,0.612903225806452,0.290322580645161,19,9,13,19
239,Fresno State,-2.83518616676552,-2.18540967102065,-5.02059583778617,-45.1322203928749,15.9294786196683,240,231,67.0069304163631,305,238,328,232,0.28125,0.59375,9,19,11,21
240,Albany,-0.37161228008338,-4.76402599819333,-5.13563827827671,-37.6403243619856,-14.0416747261446,190,290,73.713435429,12,240,274,258,0.483870967741935,0.387096774193548,15,12,12,19
241,Portland State,-5.61452759451275,0.359284284656933,-5.25524330985581,35.6846948354107,-69.2973350595058,294,166,71.208277462243,61,241,13,255,0.551724137931034,0.586206896551724,16,17,14,15
242,Bowling Green,-3.27296252166067,-2.007863437622,-5.28082595928267,23.058289738035,20.9934820269097,250,222,69.3848937667531,153,242,146,252,0.387096774193548,0.32258064516129,12,10,18,13
243,Columbia,-0.365460062906717,-4.94075987191067,-5.30621993481739,-4.24767073205764,-31.114480590119,189,294,70.033998941327,114,243,284,226,0.416666666666667,0.416666666666667,10,10,10,14
244,Howard,0.143571957989856,-5.62240973874623,-5.47883778075637,36.5672346200461,4.65023949052468,183,316,69.6021280494003,141,248,132,223,0.46875,0.46875,15,15,16,16
245,Northeastern,-1.03028800505353,-4.47557739284539,-5.50586539789893,38.2934490589279,4.38108268185365,208,280,67.260722904262,291,244,125,200,0.375,0.5625,12,18,12,20
246,Cal State Bakersfield,-4.65127157418467,-0.943805330060067,-5.59507690424473,0.366387724555384,18.2128065281328,280,194,66.4192618255,327,245,67,271,0.333333333333333,0.333333333333333,10,10,11,19
247,Queens,-0.389847250677052,-5.27892545840746,-5.66877270908451,-11.4562219968481,16.3323627942676,192,306,74.049105975,8,246,78,280,0.32258064516129,0.67741935483871,10,21,12,19
248,Cal State Northridge,-6.55037603375333,0.793739114629173,-5.75663691912416,-6.45055139508988,-8.87071464134157,305,151,73.743816301,10,247,354,249,0.46875,0.46875,15,15,17,15
249,Evansville,-4.21749976728699,-1.61850274282329,-5.83600251011027,-51.0263128803719,6.63754465646006,269,211,70.2367946222932,102,249,31,247,0.375,0.71875,12,23,15,17
250,Miami (Ohio),-4.66257579334088,-1.1944976497481,-5.85707344308898,-28.3027358490783,-67.1994270129466,281,200,68.431700543707,231,250,223,257,0.433333333333333,0.7,13,21,13,17
251,North Florida,0.721240426210002,-6.61067531782187,-5.88943489161187,8.16566223453472,-49.8697220289359,171,329,68.7444498168331,204,251,227,259,0.310344827586207,0.689655172413793,9,20,13,16
252,North Dakota State,-1.0522199828682,-4.84595540428972,-5.89817538715792,55.3232716835964,10.0870117738007,210,292,67.356865302541,284,252,260,267,0.275862068965517,0.758620689655172,8,22,12,17
253,Idaho State,-1.63824554729,-4.3488535814226,-5.9870991287126,12.5075084221487,0.488477370369768,219,276,65.639494112,343,253,115,238,0.354838709677419,0.419354838709677,11,13,13,20
254,Kennesaw State,-1.01009102523752,-4.99282092690103,-6.00291195213855,44.5130608844704,14.2032295851154,207,295,75.000824303,4,254,210,230,0.357142857142857,0.571428571428571,10,16,12,16
255,San Diego,-3.55674335870504,-2.5720932531019,-6.12883661180694,-16.3283819887378,-41.7198970019859,256,237,72.2052277891,33,255,264,266,0.451612903225806,0.67741935483871,14,21,16,15
256,Omaha,-1.70559325362425,-4.49556649239991,-6.20115974602416,19.3962449876615,-19.6352611471259,221,281,69.3503079279728,158,256,69,254,0.571428571428571,0.607142857142857,16,17,11,18
257,Bucknell,-4.73646820983084,-1.48279362032235,-6.21926183015319,-6.44390170061799,12.2609341037585,282,207,66.3833635493,329,257,348,292,0.303030303030303,0.696969696969697,10,23,14,19
258,Oral Roberts,-1.47347083803074,-4.7907232607583,-6.26419409878904,23.9858801972724,9.96778706161363,215,291,69.5435769659689,145,258,269,221,0.481481481481481,0.444444444444444,13,12,9,19
259,American,-0.756155784856,-5.54148925826667,-6.29764504312267,-8.875911909459,29.0550811167787,202,313,64.497050976,355,259,358,273,0.387096774193548,0.451612903225806,12,14,15,16
260,Southern Mississippi,-6.18016247544564,-0.196615904884264,-6.3767783803299,19.0485367619918,-10.9797368432926,302,176,69.6057704862721,140,260,102,260,0.466666666666667,0.6,14,18,14,16
261,North Carolina Central,-1.00518626225118,-5.37377242866667,-6.37895869091785,-32.4078078749157,-10.0965775984852,206,309,68.21179508974,245,261,42,272,0.555555555555556,0.518518518518518,15,14,14,13
262,Green Bay,-2.85166349260101,-3.56107252100905,-6.41273601361006,-25.3205775554719,-13.3330637497471,241,262,65.680357285,342,262,221,240,0.5,0.366666666666667,15,11,16,14
263,Ball State,-2.81122966988407,-3.8486906298084,-6.65992029969247,-1.00302537773664,38.7073190194676,238,264,68.385400540326,234,263,251,265,0.413793103448276,0.413793103448276,12,12,13,16
264,UMBC,-1.40242798981396,-5.28068992206811,-6.68311791188207,53.3010030109396,20.9338576118483,214,307,74.332820799,6,264,347,261,0.433333333333333,0.5,13,15,10,21
265,Georgia Southern,-2.01315796164201,-4.67056469602939,-6.6837226576714,71.7047594740548,15.2972435016764,227,287,70.847000936736,81,265,26,263,0.272727272727273,0.454545454545455,9,15,9,24
266,Old Dominion,-5.1904809862688,-1.5009611785268,-6.6914421647956,-0.486312288489617,7.21674053884113,288,208,71.220644931756,60,266,138,275,0.387096774193548,0.516129032258065,12,16,6,25
267,Texas Southern,-6.08153458461867,-0.706879120857867,-6.78841370547653,-28.4729664446739,-15.106040013226,301,187,69.818228849097,128,267,189,289,0.451612903225806,0.870967741935484,14,27,15,16
268,San Jose State,-1.5325724195142,-5.26141266268554,-6.79398508219975,-5.29652865042937,-4.35818132932331,217,304,67.226102484084,294,293,139,210,0.225806451612903,0.516129032258065,7,16,8,23
269,UTSA,0.190768118595761,-7.00021060616099,-6.80944248756523,88.1266540664641,-0.529408231531758,181,335,71.8409359839,42,268,237,269,0.387096774193548,0.258064516129032,12,8,10,21
270,Jacksonville,-4.94828137888743,-1.87417675511915,-6.82245813400658,-25.9762342635347,-23.5923346250761,285,216,67.665404042505,268,281,65,279,0.633333333333333,0.6,19,18,13,17
271,Central Connecticut,-3.45914061261667,-3.39578268258933,-6.854923295206,-1.42221863044181,20.2754909127208,253,258,67.759718763886,262,269,352,284,0.535714285714286,0.285714285714286,15,8,17,11
272,Niagara,-3.04146546939767,-3.90791167706372,-6.9493771464614,68.6970479324759,-26.9381465671265,244,265,68.6083395410769,215,270,361,283,0.290322580645161,0.451612903225806,9,14,15,16
273,Southern Utah,-1.77173711185867,-5.1818619473588,-6.95359905921747,-2.89572531494185,-12.3648295376368,222,299,71.107637706038,66,271,326,290,0.275862068965517,0.413793103448276,8,12,8,21
274,SIU Edwardsville,-3.45286277245467,-3.54444154631553,-6.9973043187702,10.2350552970743,-11.6136181877373,252,261,68.4407741430301,226,272,36,287,0.333333333333333,0.466666666666667,10,14,14,16
275,Middle Tennessee,-6.0308313591186,-0.976799954873233,-7.00763131399184,-6.58875710848628,-12.1242199048816,298,195,67.14433708279,300,273,3,239,0.258064516129032,0.483870967741935,8,15,12,19
276,Binghamton,-3.70470729821999,-3.386349033215,-7.091056331435,-22.1160371490565,8.17342112101193,259,257,68.7521857137143,201,274,112,286,0.428571428571429,0.321428571428571,12,9,13,15
277,Florida International,-3.86142548659254,-3.25013983006416,-7.11156531665671,8.02484999143546,13.3227993081558,263,252,72.096008595,34,275,167,228,0.3125,0.75,10,24,10,22
278,New Hampshire,-7.78165283855114,0.560343000811196,-7.22130983773994,85.9857898044,-36.3969590656223,318,154,72.919220506,21,276,290,288,0.233333333333333,0.633333333333333,7,19,15,15
279,Sacred Heart,-3.77599694158533,-3.44907037905133,-7.22506732063667,-9.20068881189829,-30.2494898257729,260,260,70.642630196281,87,277,202,301,0.444444444444444,0.296296296296296,12,8,13,15
280,Air Force,-0.525864722554608,-6.83327116325956,-7.35913588581417,-6.69265777172342,57.8088811523317,196,334,64.203069364,358,278,362,234,0.290322580645161,0.548387096774194,9,17,9,22
281,New Mexico State,-4.36732011435962,-3.04131779379707,-7.40863790815669,-14.8729482331452,27.6795762324568,274,249,67.7308248263169,266,279,11,233,0.321428571428571,0.785714285714286,9,22,9,19
282,Presbyterian,-3.17094713320929,-4.2600147006255,-7.43096183383479,49.9541913794081,-13.7672285605843,247,274,68.970463493619,182,280,318,277,0.517241379310345,0.482758620689655,15,14,11,18
283,Western Illinois,-7.60945545116512,0.0857687222898944,-7.52368672887522,-36.2881480483769,-25.0346228746688,315,172,66.92113186554,307,282,343,291,0.178571428571429,0.535714285714286,5,15,17,12
284,The Citadel,-3.40077091373524,-4.24560752551096,-7.6463784392462,12.831270079937,14.8740943931152,251,273,67.173771261387,299,283,193,253,0.275862068965517,0.448275862068966,8,13,8,21
285,Canisius,-5.67572611128472,-1.97851717099388,-7.6542432822786,36.3324398280917,42.0377643672449,295,221,68.7473394850447,202,284,118,270,0.466666666666667,0.533333333333333,14,16,13,18
286,Tennessee State,-5.48760871887333,-2.3589608992486,-7.84656961812193,-16.2132694793408,-8.2115065999961,292,235,70.089064832361,111,285,87,250,0.518518518518518,0.481481481481481,14,13,14,15
287,Boston University,-6.63274723496253,-1.31503865189932,-7.94778588686185,32.5703549460307,-18.5466883459262,308,204,67.796808152864,259,286,331,295,0.46875,0.71875,15,23,15,17
288,Denver,0.220416999654911,-8.22944199973359,-8.00902500007868,49.7048563962941,26.7784811988877,180,352,71.6384001341,47,287,149,276,0.333333333333333,0.533333333333333,10,16,13,17
289,Le Moyne,-3.59728789296467,-4.44359915646667,-8.04088704943133,-30.0100224737413,-21.0472235482684,257,278,69.0112906147235,180,288,19,293,0.538461538461538,0.538461538461538,14,14,10,16
290,Grambling,-6.37849415880667,-2.05378768014687,-8.43228183895353,-30.497472231255,-27.7741590606768,304,224,66.086129875,333,289,299,316,0.32258064516129,0.387096774193548,10,12,17,14
291,Central Michigan,-9.27240997315701,0.68440479015577,-8.58800518300124,-19.0175310406678,-10.1930107851949,336,153,67.285786924398,289,290,130,313,0.451612903225806,0.516129032258065,14,16,17,14
292,Wagner,-9.11637805568244,0.420116847864023,-8.69626120781842,10.1579666015615,-16.0034953706929,332,163,63.58915034,360,310,267,318,0.25,0.5,7,14,13,15
293,Portland,-0.680935009692805,-8.0493883606196,-8.73032337031241,-22.8148345251316,-12.3038553930506,198,348,69.0485605867824,177,291,32,311,0.241379310344828,0.724137931034483,7,21,10,21
294,Utah Tech,-6.0374070088,-2.99360067777467,-9.03100768657467,-0.0110958054701655,-11.6954256468987,300,248,71.8432355302,41,292,142,282,0.379310344827586,0.758620689655172,11,22,10,20
295,South Carolina Upstate,-5.88587460189234,-3.30617898658779,-9.19205358848013,45.5158850676842,-13.7699373345082,297,253,68.7588974723853,200,294,296,305,0.222222222222222,0.592592592592593,6,16,7,20
296,Delaware State,-9.166425362,-0.16756258141,-9.33398794341,-1.23003234391567,18.6385060380968,334,175,70.031140872837,115,295,83,332,0.354838709677419,0.516129032258065,11,16,13,18
297,Alcorn State,-1.37193430395729,-8.1730927994489,-9.54502710340618,-28.6567083063765,2.52562839323345,213,350,68.9131553633456,190,296,240,321,0.419354838709677,0.451612903225806,13,14,13,18
298,Southern,-9.32872679733333,-0.290160700706267,-9.6188874980396,20.3858332722891,-46.9908262789821,337,178,69.9550952446877,119,297,48,285,0.275862068965517,0.586206896551724,8,17,15,15
299,Bellarmine,-3.15257888369267,-6.63260053559333,-9.785179419286,-6.53280913440173,0.229195659339999,246,330,66.4692742928,324,298,208,298,0.178571428571429,0.392857142857143,5,11,5,23
300,Southeastern Louisiana,-5.41491404676667,-4.46897101197466,-9.88388505874133,14.9420937481717,-22.8469819361014,290,279,66.69456962634,316,299,342,302,0.413793103448276,0.413793103448276,12,12,12,17
301,DePaul,-3.19776023209162,-6.73338766069549,-9.93114789278711,-12.807550172934,-45.328947556326,248,333,69.266415875264,166,300,319,274,0.3125,0.96875,10,31,3,29
302,Robert Morris,-3.80580902824961,-6.13735876175114,-9.94316779000076,-20.5203766838631,-20.8850258409419,261,321,68.8099929289686,197,301,158,300,0.366666666666667,0.733333333333333,11,22,8,22
303,Lafayette,-9.57947224094573,-0.37453755003034,-9.95400979097607,-1.20077401955442,-33.6560961806353,340,180,66.7881831894418,314,302,356,314,0.32258064516129,0.548387096774194,10,17,10,21
304,Navy,-6.62272419379043,-3.430015946479,-10.0527401402694,-8.78945669536548,27.5189814055038,306,259,66.8731072529015,309,303,174,296,0.333333333333333,0.3,10,9,12,18
305,Jackson State,-4.32545497826776,-5.74897110528134,-10.0744260835491,66.1318282494296,20.8603741914298,272,318,69.936831052666,120,304,266,268,0.28125,0.8125,9,26,15,17
306,Western Michigan,-5.37885061839592,-4.87271213083686,-10.2515627492328,15.282627234975,16.9380685874536,289,293,69.8410395996211,126,305,23,308,0.32258064516129,0.645161290322581,10,20,11,20
307,Louisiana-Monroe,-5.83046930996249,-4.4361970174015,-10.266666327364,4.33750535066797,-16.8625964183349,296,277,68.6820912621949,210,306,156,337,0.357142857142857,0.535714285714286,10,15,9,19
308,Northern Illinois,-3.85229918310533,-6.50687961919333,-10.3591788022987,2.05380770044949,50.7531115050278,262,327,69.8353420194,127,313,346,278,0.321428571428571,0.571428571428571,9,16,9,20
309,Campbell,-3.5010212526994,-7.02314129702954,-10.5241625497289,37.2067737729339,6.4249618355129,255,336,67.5852168726542,274,307,141,303,0.448275862068966,0.586206896551724,13,17,11,18
310,Eastern Illinois,-8.61350516072499,-1.9382665924496,-10.5517717531746,-6.80090583191273,44.2882683749989,323,220,68.5751606361545,217,308,341,294,0.392857142857143,0.428571428571429,11,12,10,18
311,Northern Arizona,-5.45055638865853,-5.25245451373691,-10.7030109023954,-34.1214002285267,25.2176074021043,291,303,69.9300059117082,121,309,66,281,0.363636363636364,0.606060606060606,12,20,14,19
312,South Carolina State,-8.70573612613333,-2.12703245158667,-10.83276857772,-10.7160863090705,-32.5206937813135,326,230,71.4928828906,52,311,215,317,0.233333333333333,0.9,7,27,12,18
313,William & Mary,-4.4918852047379,-6.39337269206972,-10.8852578968076,12.6393268709875,26.0095987587372,276,324,67.402248266365,280,312,220,315,0.433333333333333,0.633333333333333,13,19,8,23
314,Bethune-Cookman,-8.63654960873333,-2.49756862549,-11.1341182342233,-23.2609450955764,4.97858707437497,324,236,71.5219116619,51,314,128,340,0.354838709677419,0.451612903225806,11,14,15,16
315,Coastal Carolina,-6.03313388754667,-5.23217352559333,-11.26530741314,5.58298757523934,24.3405925698644,299,301,71.0195971207029,68,315,233,312,0.344827586206897,0.655172413793103,10,19,7,22
316,Valparaiso,-6.63242186912,-5.01278559758,-11.6452074667,-3.90148823550203,-22.37943123481,307,296,69.266858948021,165,316,325,306,0.161290322580645,0.741935483870968,5,23,6,25
317,Elon,-4.22975429103064,-7.65511587553085,-11.8848701665615,-15.3369641348735,9.34017085952506,270,344,68.9426891789152,186,317,238,310,0.3,0.566666666666667,9,17,11,19
318,Sacramento State,-7.24356206531073,-4.76039609782853,-12.0039581631393,63.8815201978534,63.1116297521094,312,289,65.568445501,345,318,225,299,0.28125,0.5625,9,18,8,24
319,South Dakota,-2.10038257202733,-10.165553888,-12.2659364600273,1.73447233833123,-19.3826384179268,229,357,70.143695654969,106,319,52,297,0.321428571428571,0.464285714285714,9,13,9,20
320,Chicago State,-9.16149602918183,-3.35343891196232,-12.5149349411441,74.1364840140644,3.43367343054843,333,254,67.7523709561493,265,320,242,328,0.346153846153846,0.576923076923077,9,15,8,18
321,Fairleigh Dickinson,-4.00489900680578,-8.58429804006113,-12.5891970468669,-10.9281607143499,-3.00000484701631,264,354,73.092338364,19,321,324,330,0.307692307692308,0.461538461538462,4,6,4,9
322,Eastern Michigan,-7.66726018318,-5.05084036666,-12.71810054984,1.4743278967116,-7.40184688196157,316,297,67.397169271156,281,322,157,333,0.310344827586207,0.586206896551724,9,17,11,18
323,Alabama State,-13.0642469039753,0.113781419121921,-12.9504654848534,38.8853827630113,-6.42707776500821,358,171,69.4239945477811,150,323,327,307,0.310344827586207,0.448275862068966,9,13,10,19
324,Alabama A&M,-11.3356459946667,-1.7131109722676,-13.0487569669343,-1.27418461502161,-10.4495699441644,351,214,72.026253184,38,324,37,326,0.484848484848485,0.696969696969697,16,23,11,22
325,Charleston Southern,-9.83925619330384,-3.21075199353499,-13.0500081868388,2.68446536923002,-27.6568745343208,341,250,68.4951691705432,222,325,198,341,0.296296296296296,0.518518518518518,8,14,7,20
326,Northwestern State,-8.92981157806126,-4.7241206214264,-13.6539321994877,-68.6312929760837,1.31416277926318,327,288,69.5601682663973,144,326,214,349,0.633333333333333,0.8,19,24,7,24
327,Idaho,-7.3792967438273,-6.41475871264748,-13.7940554564748,-21.9580666079908,1.29721097534411,314,325,66.9174128576,308,327,345,309,0.266666666666667,0.533333333333333,8,16,9,21
328,Dartmouth,-9.89999001347066,-3.98241366868361,-13.8824036821543,17.9890583069844,6.69483690914389,342,267,67.3810151452864,283,328,85,327,0.166666666666667,0.958333333333333,4,23,4,21
329,Texas A&M-Commerce,-9.38516134343292,-4.58298497104511,-13.968146314478,-15.0802339271066,24.1152278608152,338,284,68.2402466990884,244,329,206,319,0.379310344827586,0.862068965517241,11,25,10,20
330,Tennessee Tech,-8.38403341400706,-5.70348899563998,-14.087522409647,-3.75125652877466,2.89563594314616,321,317,67.30550325949,287,330,18,342,0.321428571428571,0.678571428571429,9,19,7,21
331,Army,-11.5060776361902,-2.82694271113579,-14.333020347326,46.0864868870472,37.016482413114,352,246,65.300937118,351,331,357,331,0.3,0.633333333333333,9,19,8,22
332,New Orleans,-6.27265534422896,-8.20382174037971,-14.4764770846087,-11.0415491287173,50.0861308547273,303,351,72.906647903,22,332,117,344,0.344827586206897,0.655172413793103,10,19,7,23
333,Morgan State,-7.82956523026194,-6.69272154597885,-14.5222867762408,-24.069599753696,10.653896590737,319,332,72.0402160426,37,333,124,347,0.178571428571429,0.714285714285714,5,20,8,20
334,Hampton,-8.4006117709235,-6.3307009893348,-14.7313127602583,17.1045164478735,-4.50095493690888,322,322,71.008358650036,70,334,224,323,0.266666666666667,0.866666666666667,8,26,6,24
335,Central Arkansas,-7.27148662,-7.659225439,-14.930712059,-1.10028864531468,-0.3329421243882,313,345,70.98558045211,73,335,317,324,0.366666666666667,0.533333333333333,11,16,7,23
336,Southern Indiana,-9.39463443127467,-5.56385958673116,-14.9584940180058,63.4982562553621,-25.0460870057536,339,314,70.637989058723,88,336,311,343,0.344827586206897,0.517241379310345,10,15,5,24
337,Arkansas-Pine Bluff,-4.51631379390733,-10.4708577746667,-14.987171568574,21.474020253017,-9.69966835922953,278,358,73.324910321,18,337,337,351,0.185185185185185,0.62962962962963,5,17,9,18
338,Holy Cross,-4.49424398143862,-10.6067996958854,-15.101043677324,-23.9756808917114,-35.0859590769354,277,359,67.6147592818277,271,338,165,355,0.21875,0.40625,7,13,9,23
339,NJIT,-7.89825889324433,-7.31790220252299,-15.2161610957673,34.4346116418176,1.7890928596976,320,340,68.130242420418,250,339,209,329,0.192307692307692,0.576923076923077,5,15,6,20
340,Loyola Maryland,-9.05511464666667,-6.37378003716667,-15.4288946838333,31.4572973459395,-1.45989895341101,329,323,67.29293741316,288,340,355,322,0.193548387096774,0.67741935483871,6,21,6,25
341,Florida A&M,-10.251696458686,-5.20784171332568,-15.4595381720116,-7.21140032120556,20.2622964876661,345,300,69.160605582383,173,341,92,320,0.259259259259259,0.814814814814815,7,22,5,22
342,Prairie View,-10.3484438273333,-5.24244959965067,-15.590893426984,40.4951451935493,16.9814565836818,346,302,72.0928228721,35,342,219,335,0.206896551724138,0.344827586206897,6,10,8,21
343,Texas-Rio Grande Valley,-10.2292019783416,-5.77648276765418,-16.0056847459958,50.8992217049404,47.6569374609498,344,319,72.879687565,23,343,59,334,0.206896551724138,0.551724137931034,6,16,4,25
344,Southeast Missouri State,-11.134423008,-5.30389164222667,-16.4383146502267,6.85972659575728,6.30678846699169,349,308,70.610721697992,89,344,230,336,0.222222222222222,0.703703703703704,6,19,5,22
345,Buffalo,-9.05735534105955,-7.43992356301157,-16.4972789040711,60.5170632185685,-11.9329363578978,330,342,70.59549709106,90,345,359,325,0.366666666666667,0.866666666666667,11,26,3,27
346,Maryland-Eastern Shore,-13.9582984521475,-2.65992304845781,-16.6182215006053,0.97732422783454,0.625848986599482,359,240,69.2335335608457,169,346,39,358,0.4,0.68,10,17,5,20
347,Long Island,-12.1006061319271,-4.54758794895154,-16.6481940808786,21.6407631173256,14.8486577919851,355,282,72.3245045103,32,347,20,354,0.148148148148148,0.740740740740741,4,20,7,20
348,Detroit,-6.92258656442667,-9.77473750666667,-16.6973240710933,18.6114764834166,-28.3228452258767,310,356,68.6473264422632,212,348,309,304,0.3125,0.8125,10,26,1,31
349,North Carolina A&T,-8.9957278816328,-7.82503189658794,-16.8207597782207,-5.81875933260584,-9.81460929197613,328,346,69.5239447776481,146,349,217,339,0.34375,0.65625,11,21,7,25
350,Manhattan,-10.5060102819665,-6.54382358102298,-17.0498338629895,35.7175914185251,-6.75771908997044,347,328,69.7417043937483,131,350,304,338,0.241379310344828,0.931034482758621,7,27,6,23
351,Cal Poly,-11.0739196019363,-6.10038242221332,-17.1743020241497,45.5047792350568,-6.28214988823623,348,320,67.585290446141,273,351,262,350,0.0645161290322581,0.548387096774194,2,17,3,28
352,Incarnate Word,-9.07957082466667,-8.3818277704,-17.4613985950667,72.3337164688586,6.31236690260801,331,353,71.0816229123378,67,352,277,345,0.344827586206897,0.896551724137931,10,26,6,23
353,Lindenwood,-11.3353097789135,-7.16019110661337,-18.4955008855268,-12.0688621183032,-17.4599508295284,350,339,68.5811549244735,216,353,306,361,0.285714285714286,0.607142857142857,8,17,6,22
354,Siena,-12.0453926007903,-6.47873489539873,-18.5241274961891,-6.04810437572661,32.537487658451,353,326,67.7594618426868,263,354,278,353,0.25,0.75,8,24,4,28
355,Saint Francis (PA),-12.1090878926667,-7.87982456553333,-19.9889124582,9.97582545713577,-7.83487923949104,356,347,68.2845900720999,242,355,195,348,0.185185185185185,0.703703703703704,5,19,6,21
356,Stonehill,-12.0906495409436,-8.16656541558705,-20.2572149565306,30.1014632336602,-14.8357211047266,354,349,69.431624263663,149,356,243,346,0.464285714285714,1.10714285714286,13,31,3,25
357,Houston Christian,-9.178253452,-11.524707046,-20.702960498,-0.929000142467301,-8.7283319586737,335,361,73.055911984,20,357,323,360,0.153846153846154,0.769230769230769,4,20,4,23
358,Pacific,-10.1041200844033,-11.1785535485336,-21.2826736329369,69.6534910446688,22.9477157066383,343,360,69.6314142720865,138,358,144,356,0.1,1,3,30,4,26
359,VMI,-14.97980288,-7.08485501173333,-22.0646578917333,5.91794955724505,-25.2923800480184,360,338,75.513082126,2,359,166,352,0.172413793103448,1.17241379310345,5,34,1,28
360,Coppin State,-19.214016846309,-5.26539285735778,-24.4794097036668,2.1654594105349,0.892369890859936,362,305,68.8232916235154,194,360,103,357,0.142857142857143,0.714285714285714,4,20,2,27
361,IUPUI,-12.3229982259732,-12.5569944812674,-24.8799927072407,23.4742470117759,28.9254958575201,357,362,68.6949854294363,208,361,122,359,0.172413793103448,0.758620689655172,5,22,3,26
362,Mississippi Valley State,-16.7291268080803,-9.77240209251376,-26.501528900594,-20.363104204474,-5.13031348379613,361,355,66.64228462945,317,362,72,362,0.0967741935483871,0.838709677419355,3,26,1,30
